1	22.02	Girl I wanna know
2	23.58	How did you get so pretty?
3	27.71	I don't even mean when you're dressin' up
4	34.33	I mean when you do what is special to you
5	39.31	Your smile is my favorite make up
6	45.43	I cannot believe that I get to be
7	48.25	Makin' memories with you in my life
8	51.81	Tastes sweeter every time
9	56.70	I'm a better me 'cause I'm feelin' free
10	59.47	Like a reverie but it's really true
11	62.95	That you are really mine
12	67.51	Will you be mine forever?
13	73.08	Will you be my only girl?
14	78.64	I will be yours through the thick and the thin
15	83.91	Our love will make a beautiful world
16	90.17	I'm workin' hard to be a man
17	92.92	Who truly knows and understands
18	95.74	That there is more to love than feelings
19	101.30	I'm taking time to study you
20	104.02	To see your colors and your hues
21	106.92	I know there's beauty I'm not seeing
22	112.51	I cannot believe
23	113.96	That I get to be
24	115.28	Makin' memories
25	116.37	With you in my life
26	118.81	And that is worth the grind
27	123.65	I'm a better me
28	125.03	'Cause I'm feelin' free
29	126.47	Like a reverie
30	127.53	But it's really true
31	129.96	That you are really mine
32	134.52	Will you be mine forever?
33	138.37	(Forever you be mine)
34	140.00	Will you be my only girl?
35	145.66	I will be yours through the thick and the thin
36	150.87	Our love will make a beautiful world
37	156.83	I will be yours forever
38	162.45	I will be your only man
39	167.97	Can you be mine through the thick
40	171.09	And the thin
41	173.20	And I can be your number one fan
42	179.14	Will you be mine forever?
43	183.00	(Forever you and me)
44	184.68	Will you be my only girl?
45	188.16	(Will you be my only girl?)
46	190.28	I will be yours through the thick and the thin
47	195.48	Our love will make a beautiful world
48	198.73	(Our love will make a beautiful world)
